timestamp,open,high,low,close,volume
2025-11-12 04:00:00+00:00,103214.9,103390.4,103185.1,103390.3,206.336
2025-11-12 04:15:00+00:00,103390.4,103418.8,103157.4,103163.6,270.2543
2025-11-12 04:30:00+00:00,103163.6,103196.2,102976.1,103040.0,390.3145
2025-11-12 04:45:00+00:00,103040.0,103210.6,102994.2,103205.6,270.3411
2025-11-12 05:00:00+00:00,103205.6,103300.0,103189.4,103226.2,212.1887
2025-11-12 05:15:00+00:00,103226.3,103398.0,103216.2,103318.8,317.1921
2025-11-12 05:30:00+00:00,103318.7,103344.8,103230.8,103344.8,188.9647
2025-11-12 05:45:00+00:00,103344.8,103430.1,103249.2,103350.0,200.1745
2025-11-12 06:00:00+00:00,103350.0,103577.9,103313.7,103500.0,510.0238
2025-11-12 06:15:00+00:00,103500.0,103611.9,103432.6,103479.2,463.9636
2025-11-12 06:30:00+00:00,103479.1,103500.0,103345.5,103386.0,185.3823
2025-11-12 06:45:00+00:00,103385.9,103426.5,103296.0,103306.2,308.7431
2025-11-12 07:00:00+00:00,103306.1,103491.1,103281.7,103455.1,248.4082
2025-11-12 07:15:00+00:00,103455.1,103491.4,103373.9,103382.8,167.14260000000002
2025-11-12 07:30:00+00:00,103382.8,103464.0,103313.5,103340.0,208.6431
2025-11-12 07:45:00+00:00,103340.0,103340.1,103000.0,103072.3,837.0934
2025-11-12 08:00:00+00:00,103072.3,103270.0,103072.3,103237.4,400.0179
2025-11-12 08:15:00+00:00,103237.4,103869.8,103237.3,103814.1,1424.8587
2025-11-12 08:30:00+00:00,103814.2,104188.0,103710.0,104015.1,1754.5832
2025-11-12 08:45:00+00:00,104015.1,104159.2,103974.1,104101.1,673.594
2025-11-12 09:00:00+00:00,104101.2,104870.0,104093.4,104750.2,3103.8749
2025-11-12 09:15:00+00:00,104750.3,105100.0,104688.0,104733.9,2480.2158
2025-11-12 09:30:00+00:00,104734.0,104845.8,104375.4,104553.4,1700.7045
2025-11-12 09:45:00+00:00,104553.5,104553.5,104405.5,104480.0,495.9077
2025-11-12 10:00:00+00:00,104480.0,104786.0,104480.0,104762.7,579.9041
2025-11-12 10:15:00+00:00,104762.6,104810.0,104643.9,104698.5,346.2823
2025-11-12 10:30:00+00:00,104698.4,105011.7,104666.0,104790.0,1017.9204
2025-11-12 10:45:00+00:00,104790.0,104920.0,104743.0,104858.0,337.408
2025-11-12 11:00:00+00:00,104858.0,105167.0,104825.6,105025.4,774.7483
2025-11-12 11:15:00+00:00,105025.4,105120.4,104730.0,104750.0,594.5149
2025-11-12 11:30:00+00:00,104750.0,104902.5,104700.0,104710.1,393.7083
2025-11-12 11:45:00+00:00,104710.0,104988.0,104688.1,104982.8,397.5236
2025-11-12 12:00:00+00:00,104982.8,105139.5,104816.7,105111.6,699.3523
2025-11-12 12:15:00+00:00,105111.5,105293.2,104917.4,104917.4,1190.6227
2025-11-12 12:30:00+00:00,104917.5,105005.7,104774.4,104802.1,541.3787
2025-11-12 12:45:00+00:00,104802.1,105048.1,104802.1,104949.4,351.2298
2025-11-12 13:00:00+00:00,104949.4,104988.0,104730.0,104837.0,527.6816
2025-11-12 13:15:00+00:00,104837.0,104949.4,104567.2,104920.0,926.1428
2025-11-12 13:30:00+00:00,104920.0,105127.9,104800.0,105028.6,692.2406
2025-11-12 13:45:00+00:00,105028.5,105146.9,104953.1,104999.9,497.9719
2025-11-12 14:00:00+00:00,104999.9,104999.9,104689.6,104889.3,555.3315
2025-11-12 14:15:00+00:00,104889.3,104929.2,104703.2,104730.0,418.7577
2025-11-12 14:30:00+00:00,104730.1,104860.0,104480.0,104653.8,1485.0735
2025-11-12 14:45:00+00:00,104653.8,104827.0,103542.6,103948.1,5054.9489
2025-11-12 15:00:00+00:00,103948.1,104271.5,103671.5,103688.1,1641.6545
2025-11-12 15:15:00+00:00,103688.1,103849.1,103222.0,103409.5,2135.9676
2025-11-12 15:30:00+00:00,103409.5,103650.0,102604.9,102733.8,2982.5348
2025-11-12 15:45:00+00:00,102733.8,102778.9,101902.5,102123.2,3611.0967
2025-11-12 16:00:00+00:00,102123.2,102246.2,101250.0,101473.1,3905.0834
2025-11-12 16:15:00+00:00,101473.2,101879.9,101405.5,101746.0,2453.5601
2025-11-12 16:30:00+00:00,101744.9,102067.0,101593.8,101649.0,1478.4847
2025-11-12 16:45:00+00:00,101648.9,101770.6,101368.0,101388.7,1367.4228
2025-11-12 17:00:00+00:00,101388.8,101768.0,101367.7,101494.0,829.9044
2025-11-12 17:15:00+00:00,101494.0,101602.7,101360.6,101537.5,735.9281
2025-11-12 17:30:00+00:00,101537.5,102134.7,101488.2,101807.2,1437.5296
2025-11-12 17:45:00+00:00,101807.3,101813.0,101502.9,101691.1,739.6015
2025-11-12 18:00:00+00:00,101691.1,101906.2,101538.9,101615.5,667.2311
2025-11-12 18:15:00+00:00,101615.6,101758.0,101532.6,101557.0,339.5639
2025-11-12 18:30:00+00:00,101556.9,101790.1,101423.3,101450.0,633.0625
2025-11-12 18:45:00+00:00,101450.1,101549.1,101362.1,101485.4,561.6484
2025-11-12 19:00:00+00:00,101485.4,101519.7,101000.1,101114.2,1440.6493
2025-11-12 19:15:00+00:00,101114.2,101261.4,100688.7,101030.1,1358.9524
2025-11-12 19:30:00+00:00,101030.2,101484.8,100810.0,101348.5,1117.104
2025-11-12 19:45:00+00:00,101349.9,101376.7,101157.7,101240.9,382.8652
2025-11-12 20:00:00+00:00,101240.9,101518.0,101080.0,101378.0,675.6919
2025-11-12 20:15:00+00:00,101378.0,101736.2,101370.2,101665.3,513.1308
2025-11-12 20:30:00+00:00,101665.4,101796.7,101563.6,101631.5,534.5686000000001
2025-11-12 20:45:00+00:00,101631.5,101671.9,101433.0,101486.7,273.8815
2025-11-12 21:00:00+00:00,101486.7,101847.6,101464.8,101839.5,466.1664
2025-11-12 21:15:00+00:00,101838.0,101838.0,101635.3,101667.7,246.9541
2025-11-12 21:30:00+00:00,101667.7,101853.8,101666.0,101746.0,246.9455
2025-11-12 21:45:00+00:00,101746.0,101866.7,101670.0,101866.6,287.7016
2025-11-12 22:00:00+00:00,101866.6,101868.0,101386.9,101410.0,328.7615
2025-11-12 22:15:00+00:00,101410.1,101688.4,101398.2,101648.9,281.9799
2025-11-12 22:30:00+00:00,101648.9,101772.4,101560.8,101763.1,218.52179999999998
2025-11-12 22:45:00+00:00,101763.1,101947.8,101721.6,101928.1,342.0707
2025-11-12 23:00:00+00:00,101928.0,101928.0,101536.0,101750.0,286.7329
2025-11-12 23:15:00+00:00,101749.9,101946.2,101727.3,101827.1,439.6582
2025-11-12 23:30:00+00:00,101827.0,101876.9,101501.0,101512.5,248.11700000000002
2025-11-12 23:45:00+00:00,101512.6,101635.9,101422.0,101607.9,414.96659999999997
2025-11-13 00:00:00+00:00,101608.0,101747.0,101560.0,101678.6,361.0211
2025-11-13 00:15:00+00:00,101678.6,101789.0,101410.5,101444.5,347.6616
2025-11-13 00:30:00+00:00,101444.5,102000.0,101444.5,101807.1,525.9291
2025-11-13 00:45:00+00:00,101807.1,101905.6,101730.6,101815.4,249.851
2025-11-13 01:00:00+00:00,101815.3,102571.7,101783.9,102356.2,1564.7975000000001
2025-11-13 01:15:00+00:00,102356.1,102424.9,101820.6,101945.3,1266.1785
2025-11-13 01:30:00+00:00,101945.3,102382.6,101900.9,102363.3,668.0272
2025-11-13 01:45:00+00:00,102363.2,102399.0,101912.5,101959.7,482.5199
2025-11-13 02:00:00+00:00,101959.6,102166.3,101917.2,102139.2,368.3851
2025-11-13 02:15:00+00:00,102139.2,102276.8,101935.0,101945.2,346.8246
2025-11-13 02:30:00+00:00,101945.2,102288.0,101945.2,102066.8,320.1299
2025-11-13 02:45:00+00:00,102066.7,102094.4,101953.7,102000.0,219.8589
2025-11-13 03:00:00+00:00,102000.0,102035.5,101248.6,101299.9,1200.7363
2025-11-13 03:15:00+00:00,101299.9,102125.7,100862.5,102073.1,2935.0144
2025-11-13 03:30:00+00:00,102073.0,102511.8,102073.0,102381.5,1302.5221
2025-11-13 03:45:00+00:00,102381.4,102510.1,102080.0,102080.1,698.2377
2025-11-13 04:00:00+00:00,102080.1,102149.9,101620.0,101964.9,1249.7129
2025-11-13 04:15:00+00:00,101964.9,102367.6,101789.1,102100.1,987.1563
2025-11-13 04:30:00+00:00,102100.0,102170.0,101879.4,101950.1,301.7612
2025-11-13 04:45:00+00:00,101950.0,102180.1,101754.9,102074.5,545.6494
2025-11-13 05:00:00+00:00,102074.3,102074.3,101726.5,101816.8,452.517
2025-11-13 05:15:00+00:00,101816.9,102209.0,101816.8,102200.0,345.5401
2025-11-13 05:30:00+00:00,102200.0,102521.0,102158.6,102519.5,827.0468999999999
2025-11-13 05:45:00+00:00,102519.4,103367.7,102459.9,103099.7,3291.7293
2025-11-13 06:00:00+00:00,103099.6,103333.0,102872.0,103140.0,1320.9236
2025-11-13 06:15:00+00:00,103140.0,103586.0,103129.0,103544.9,1359.9161
2025-11-13 06:30:00+00:00,103544.8,103572.6,103278.4,103422.0,889.4346
2025-11-13 06:45:00+00:00,103422.0,103638.0,103360.0,103547.0,716.5214
2025-11-13 07:00:00+00:00,103547.0,103787.2,103546.9,103726.7,1262.6058
2025-11-13 07:15:00+00:00,103726.8,104000.0,103666.7,103867.0,1071.1714
2025-11-13 07:30:00+00:00,103866.9,103937.6,103458.2,103504.5,978.6138
2025-11-13 07:45:00+00:00,103504.4,103526.4,103247.5,103422.5,1335.0122999999999
2025-11-13 08:00:00+00:00,103422.5,103599.3,103222.0,103421.3,763.7032
2025-11-13 08:15:00+00:00,103421.4,103710.0,103330.6,103660.8,540.8507
2025-11-13 08:30:00+00:00,103660.8,103753.5,103539.6,103753.5,433.1016
2025-11-13 08:45:00+00:00,103753.4,103760.8,103498.8,103623.4,462.9751
2025-11-13 09:00:00+00:00,103623.4,103696.0,102491.9,102777.9,2290.4606
2025-11-13 09:15:00+00:00,102777.8,103123.9,102531.3,102851.4,1368.3632
2025-11-13 09:30:00+00:00,102851.4,103100.0,102802.9,103033.4,431.3729
2025-11-13 09:45:00+00:00,103033.4,103034.9,102568.5,102788.8,863.9551
2025-11-13 10:00:00+00:00,102788.8,103041.7,102764.3,102769.0,466.7173
2025-11-13 10:15:00+00:00,102769.0,103237.9,102734.8,103028.2,814.2891
2025-11-13 10:30:00+00:00,103028.3,103075.7,102829.0,102927.8,385.4681
2025-11-13 10:45:00+00:00,102927.2,102969.4,102831.0,102948.4,169.6354
2025-11-13 11:00:00+00:00,102948.4,103104.2,102928.4,103054.8,316.0691
2025-11-13 11:15:00+00:00,103054.8,103093.1,102825.8,102871.5,434.3977
2025-11-13 11:30:00+00:00,102871.5,102950.0,102650.0,102917.7,422.6586
2025-11-13 11:45:00+00:00,102917.7,103016.3,102821.9,102892.5,203.0684
2025-11-13 12:00:00+00:00,102892.5,103121.8,102674.5,102825.0,778.3376000000001
2025-11-13 12:15:00+00:00,102825.0,102990.9,102825.0,102915.6,194.8126
2025-11-13 12:30:00+00:00,102915.7,103253.0,102873.9,103137.9,1068.4704
2025-11-13 12:45:00+00:00,103137.9,103241.3,103044.8,103105.3,282.2784
2025-11-13 13:00:00+00:00,103105.2,103121.3,102851.4,102879.1,384.8992
2025-11-13 13:15:00+00:00,102879.1,102931.5,102364.3,102500.6,1268.6717
2025-11-13 13:30:00+00:00,102500.6,102609.2,102100.0,102498.8,2033.9029
2025-11-13 13:45:00+00:00,102498.8,102638.1,102202.9,102282.6,1100.348
2025-11-13 14:00:00+00:00,102282.6,102496.1,102067.2,102178.8,1148.3899999999999
2025-11-13 14:15:00+00:00,102178.8,102497.6,102050.0,102414.0,942.4606
2025-11-13 14:30:00+00:00,102414.0,102551.5,101688.0,101771.0,3232.7237999999998
2025-11-13 14:45:00+00:00,101771.0,103465.1,101701.1,102808.8,6620.2959
2025-11-13 15:00:00+00:00,102808.9,102818.9,101928.2,102798.8,2562.7688
2025-11-13 15:15:00+00:00,102798.8,102958.4,102014.4,102152.8,1571.6069
2025-11-13 15:30:00+00:00,102152.8,102171.3,101510.2,101539.1,1845.3254
2025-11-13 15:45:00+00:00,101539.3,101570.7,101120.9,101322.0,2118.4716
2025-11-13 16:00:00+00:00,101322.1,101484.5,100947.6,101132.5,1771.118
2025-11-13 16:15:00+00:00,101132.4,101222.6,100650.1,101004.9,1773.5603
2025-11-13 16:30:00+00:00,101004.9,101380.0,100792.6,100885.0,2106.3222
2025-11-13 16:45:00+00:00,100885.0,101096.7,100500.0,100589.9,1404.4355
2025-11-13 17:00:00+00:00,100589.9,100778.0,100373.8,100481.4,1514.2631999999999
2025-11-13 17:15:00+00:00,100481.3,100740.8,100133.3,100272.4,1552.9501
2025-11-13 17:30:00+00:00,100272.4,100460.2,99753.1,99981.3,2157.4249
2025-11-13 17:45:00+00:00,99981.3,100131.9,99561.5,99595.9,1867.5524
2025-11-13 18:00:00+00:00,99595.8,99881.7,99217.4,99339.2,2321.0693
2025-11-13 18:15:00+00:00,99339.1,99551.8,98689.0,99048.8,4083.5528
2025-11-13 18:30:00+00:00,99048.8,99098.4,98181.8,98636.4,4184.3919
2025-11-13 18:45:00+00:00,98636.4,98748.0,98084.0,98540.0,2580.4312
2025-11-13 19:00:00+00:00,98540.1,98847.0,98257.8,98640.4,1850.9318
2025-11-13 19:15:00+00:00,98640.3,99236.4,98341.8,99108.0,1910.4594
2025-11-13 19:30:00+00:00,99107.9,99170.0,98509.1,98865.7,1131.2742
2025-11-13 19:45:00+00:00,98865.6,98938.1,98301.5,98629.5,1363.213
2025-11-13 20:00:00+00:00,98629.4,98629.4,98037.0,98262.0,1752.7842
2025-11-13 20:15:00+00:00,98261.9,98654.3,97930.0,98479.9,1927.8713
2025-11-13 20:30:00+00:00,98479.9,98950.0,98323.8,98510.0,1729.0391
2025-11-13 20:45:00+00:00,98510.0,98538.8,98026.5,98119.9,1123.7628
2025-11-13 21:00:00+00:00,98119.9,98671.4,97938.3,98579.5,1071.6064
2025-11-13 21:15:00+00:00,98579.6,98579.6,98171.3,98480.0,689.7831
2025-11-13 21:30:00+00:00,98480.0,98800.0,98456.0,98794.8,466.8195
2025-11-13 21:45:00+00:00,98794.8,98860.5,98623.4,98762.3,451.8146
2025-11-13 22:00:00+00:00,98762.3,99309.9,98630.2,99233.9,892.0523000000001
2025-11-13 22:15:00+00:00,99234.0,99497.0,99079.5,99461.7,852.3264
2025-11-13 22:30:00+00:00,99461.7,99880.5,99353.9,99739.1,875.1553
2025-11-13 22:45:00+00:00,99739.1,99852.6,99599.9,99803.5,529.1979
2025-11-13 23:00:00+00:00,99803.4,100062.7,99500.4,100041.7,824.8419
2025-11-13 23:15:00+00:00,100041.7,100343.2,100002.8,100169.3,1011.9183
2025-11-13 23:30:00+00:00,100169.4,100450.0,100140.0,100360.9,567.7909
2025-11-13 23:45:00+00:00,100360.9,100360.9,99533.3,99639.2,1508.0473
2025-11-14 00:00:00+00:00,99639.2,99675.2,99043.6,99296.0,1877.0426
2025-11-14 00:15:00+00:00,99296.0,99517.9,98742.4,99423.3,1703.9848
2025-11-14 00:30:00+00:00,99423.4,99752.2,99000.0,99320.8,1628.306
2025-11-14 00:45:00+00:00,99320.7,99325.0,98688.0,98949.5,1051.3038
2025-11-14 01:00:00+00:00,98949.6,99119.8,98664.5,98919.5,1059.685
2025-11-14 01:15:00+00:00,98919.6,99388.0,98760.8,99079.3,921.8820000000001
2025-11-14 01:30:00+00:00,99079.4,99518.5,98971.1,99187.3,746.2549
2025-11-14 01:45:00+00:00,99187.3,99440.0,99145.6,99215.0,628.5083999999999
2025-11-14 02:00:00+00:00,99214.9,99553.3,99206.2,99463.2,591.3316
2025-11-14 02:15:00+00:00,99463.2,99825.4,99463.1,99646.4,777.1925
2025-11-14 02:30:00+00:00,99646.5,99823.7,99560.0,99780.9,493.4292
2025-11-14 02:45:00+00:00,99781.0,99788.0,99410.0,99581.5,494.61
2025-11-14 03:00:00+00:00,99581.4,99617.1,99271.0,99318.2,449.469
2025-11-14 03:15:00+00:00,99318.1,99341.1,99015.1,99268.4,662.7114
2025-11-14 03:30:00+00:00,99268.3,99293.0,98818.4,98883.0,639.8135
2025-11-14 03:45:00+00:00,98883.0,99124.0,98754.8,99112.1,587.7191
2025-11-14 04:00:00+00:00,99112.1,99148.2,98755.0,98863.4,688.8432
2025-11-14 04:15:00+00:00,98863.5,98990.0,98745.1,98936.6,542.6204
2025-11-14 04:30:00+00:00,98936.6,98936.6,96650.0,97547.3,10374.8578
2025-11-14 04:45:00+00:00,97547.4,97947.2,97177.1,97770.0,3731.8896
2025-11-14 05:00:00+00:00,97769.7,97986.0,97360.0,97415.9,1679.2627
2025-11-14 05:15:00+00:00,97415.9,97800.0,97200.0,97213.6,1600.3013
2025-11-14 05:30:00+00:00,97213.7,97564.8,96968.3,97249.1,1672.1282
2025-11-14 05:45:00+00:00,97249.1,97631.9,97117.6,97477.1,995.4356
2025-11-14 06:00:00+00:00,97477.2,97480.0,96913.8,97083.3,1097.6115
2025-11-14 06:15:00+00:00,97083.2,97102.8,96763.8,96940.2,1069.0336
2025-11-14 06:30:00+00:00,96940.3,97035.6,96666.0,96720.6,1350.5433
2025-11-14 06:45:00+00:00,96720.7,97560.0,95859.1,97500.1,5140.4149
2025-11-14 07:00:00+00:00,97500.1,97699.1,96826.9,97316.9,2492.3065
2025-11-14 07:15:00+00:00,97316.9,97659.2,97219.2,97640.2,1252.4305
2025-11-14 07:30:00+00:00,97640.2,97645.4,96716.3,97114.6,1507.4086
2025-11-14 07:45:00+00:00,97114.7,97603.8,97043.3,97086.4,1167.301
2025-11-14 08:00:00+00:00,97086.3,97144.8,96785.0,96862.0,708.7959
2025-11-14 08:15:00+00:00,96862.0,97402.8,96790.0,96870.4,948.2845
2025-11-14 08:30:00+00:00,96870.3,97214.6,96723.0,97159.8,780.0793
2025-11-14 08:45:00+00:00,97159.8,97400.0,96931.2,97329.0,566.3711
2025-11-14 09:00:00+00:00,97329.0,97500.0,97135.8,97292.4,661.9405
2025-11-14 09:15:00+00:00,97293.2,97350.0,96933.3,97019.5,581.6413
2025-11-14 09:30:00+00:00,97019.1,97106.8,96615.8,97099.9,967.6519
2025-11-14 09:45:00+00:00,97100.0,97108.9,96725.0,96805.8,517.4808
2025-11-14 10:00:00+00:00,96805.7,97008.0,96688.8,96923.6,439.8991
2025-11-14 10:15:00+00:00,96923.7,97075.2,96867.3,96961.4,274.5991
2025-11-14 10:30:00+00:00,96961.4,97259.5,96880.0,97169.8,614.2247
2025-11-14 10:45:00+00:00,97169.9,97169.9,96629.1,96712.6,628.8197
2025-11-14 11:00:00+00:00,96712.5,96910.4,96633.1,96737.6,568.1531
2025-11-14 11:15:00+00:00,96737.6,96780.0,96325.6,96503.7,1248.7334
2025-11-14 11:30:00+00:00,96503.7,96533.3,95666.0,96165.8,2959.3086000000003
2025-11-14 11:45:00+00:00,96165.9,96243.7,95729.5,96142.1,1521.1646
2025-11-14 12:00:00+00:00,96142.0,96142.0,95507.2,95587.2,1790.4456
2025-11-14 12:15:00+00:00,95588.0,95906.7,95502.0,95726.6,1658.1764
2025-11-14 12:30:00+00:00,95726.6,95885.7,94500.1,94833.7,5584.2476
2025-11-14 12:45:00+00:00,94833.8,95528.0,94741.5,95332.9,2991.0554
2025-11-14 13:00:00+00:00,95332.9,95680.0,94969.5,95019.9,1776.4671
2025-11-14 13:15:00+00:00,95019.9,95166.7,94660.0,95063.0,1586.1643
2025-11-14 13:30:00+00:00,95063.0,95140.0,94538.0,94695.4,1251.9077
2025-11-14 13:45:00+00:00,94695.4,95593.1,94546.5,95210.1,2040.3012
2025-11-14 14:00:00+00:00,95210.1,95786.9,95009.6,95312.3,1746.8713
2025-11-14 14:15:00+00:00,95312.3,95730.0,95263.7,95361.2,1159.0176
2025-11-14 14:30:00+00:00,95361.3,96488.0,94903.7,96355.8,4438.1977
2025-11-14 14:45:00+00:00,96355.8,96766.8,96136.4,96478.7,3043.2192999999997
2025-11-14 15:00:00+00:00,96478.7,96538.8,95800.0,96049.9,1824.4766
2025-11-14 15:15:00+00:00,96049.9,96793.0,95885.5,96494.1,1673.6361
2025-11-14 15:30:00+00:00,96494.2,96853.9,96414.1,96727.4,1798.7658
2025-11-14 15:45:00+00:00,96727.4,97280.0,96640.0,96751.9,1898.8379
2025-11-14 16:00:00+00:00,96751.9,96776.1,96212.0,96460.7,1473.0357
2025-11-14 16:15:00+00:00,96460.6,97162.5,96219.2,96912.0,1328.8956
2025-11-14 16:30:00+00:00,96912.0,97368.0,96850.0,97061.8,1631.1004
2025-11-14 16:45:00+00:00,97061.8,97240.0,96880.0,96967.0,880.6627
2025-11-14 17:00:00+00:00,96966.9,97065.5,96888.0,96956.0,561.2154
2025-11-14 17:15:00+00:00,96956.0,97074.6,96461.5,96676.8,1034.714
2025-11-14 17:30:00+00:00,96676.8,96681.9,96265.8,96295.9,1050.1544
2025-11-14 17:45:00+00:00,96295.9,96350.0,95555.0,95805.7,2154.4611
2025-11-14 18:00:00+00:00,95805.7,96301.2,95571.5,96291.2,1212.5597
2025-11-14 18:15:00+00:00,96291.1,96292.8,95700.8,96022.5,1150.5739
2025-11-14 18:30:00+00:00,96022.5,96148.6,95220.1,95350.5,1468.4284
2025-11-14 18:45:00+00:00,95350.5,95490.8,94910.0,95037.4,1964.275
2025-11-14 19:00:00+00:00,95037.3,95391.8,94754.1,95374.1,1687.4572
2025-11-14 19:15:00+00:00,95374.1,95886.4,95338.5,95696.4,959.094
2025-11-14 19:30:00+00:00,95696.5,95716.3,95327.1,95327.1,612.6883
2025-11-14 19:45:00+00:00,95327.1,95788.4,95244.4,95739.0,429.1437
2025-11-14 20:00:00+00:00,95739.0,95915.4,95333.3,95441.6,537.6988
2025-11-14 20:15:00+00:00,95441.5,95529.5,94836.1,94895.7,1106.5959
2025-11-14 20:30:00+00:00,94895.6,95047.8,94145.6,94325.9,3477.9633
2025-11-14 20:45:00+00:00,94327.6,94426.7,94154.5,94340.0,1363.7919
2025-11-14 21:00:00+00:00,94340.0,94946.7,94183.3,94845.2,1136.7553
2025-11-14 21:15:00+00:00,94845.1,95087.5,94596.1,94649.9,872.0442
2025-11-14 21:30:00+00:00,94649.8,95000.0,94618.0,94983.1,670.3205
2025-11-14 21:45:00+00:00,94983.1,95100.0,94881.4,95017.6,403.4079
2025-11-14 22:00:00+00:00,95017.5,95338.4,94672.8,94688.0,760.9617000000001
2025-11-14 22:15:00+00:00,94688.1,95268.8,94638.4,95219.6,634.7819
2025-11-14 22:30:00+00:00,95219.5,95432.0,95164.3,95333.2,560.8932
2025-11-14 22:45:00+00:00,95333.2,95435.0,94761.3,95137.9,906.7247
2025-11-14 23:00:00+00:00,95137.8,95137.8,93929.7,94617.7,2795.8518999999997
2025-11-14 23:15:00+00:00,94617.7,94738.5,94104.5,94288.4,1043.1541
2025-11-14 23:30:00+00:00,94288.4,94648.9,94130.6,94613.6,621.4624
2025-11-14 23:45:00+00:00,94613.6,94944.0,94330.0,94533.0,722.2864
2025-11-15 00:00:00+00:00,94533.0,95337.1,94507.5,95159.1,1131.7764
2025-11-15 00:15:00+00:00,95159.2,95379.3,95080.0,95317.2,788.0175
2025-11-15 00:30:00+00:00,95317.0,95333.1,94844.1,94909.5,530.8547
2025-11-15 00:45:00+00:00,94909.6,95121.4,94650.0,95110.9,667.9982
2025-11-15 01:00:00+00:00,95111.0,95142.6,94703.2,95037.2,519.6352
2025-11-15 01:15:00+00:00,95037.2,95287.8,95011.4,95088.4,544.9765
2025-11-15 01:30:00+00:00,95088.4,95409.8,95082.1,95395.0,407.4826
2025-11-15 01:45:00+00:00,95395.0,95762.3,95250.0,95615.0,1205.2792
2025-11-15 02:00:00+00:00,95615.1,95642.4,95372.1,95445.0,397.2552
2025-11-15 02:15:00+00:00,95445.0,95840.0,95366.0,95837.2,639.2403
2025-11-15 02:30:00+00:00,95837.2,96160.3,95577.2,96093.0,1194.3368999999998
2025-11-15 02:45:00+00:00,96093.0,96450.0,95858.3,96429.1,1023.1349
2025-11-15 03:00:00+00:00,96429.2,96473.6,96136.5,96456.8,699.991
2025-11-15 03:15:00+00:00,96456.7,96769.1,96333.1,96605.7,1068.0672
2025-11-15 03:30:00+00:00,96605.8,96640.1,96088.0,96269.7,1109.192
2025-11-15 03:45:00+00:00,96269.7,96376.8,96181.0,96365.1,448.0523
2025-11-15 04:00:00+00:00,96365.0,96365.1,96040.0,96207.0,471.6618
2025-11-15 04:15:00+00:00,96207.0,96474.0,96010.7,96043.2,542.6159
2025-11-15 04:30:00+00:00,96043.4,96139.1,95907.0,95907.0,578.2189
2025-11-15 04:45:00+00:00,95907.0,96154.8,95846.9,96058.2,406.9778
2025-11-15 05:00:00+00:00,96058.3,96188.0,95922.7,95966.4,282.8573
2025-11-15 05:15:00+00:00,95966.4,96187.9,95954.1,96037.6,253.0814
2025-11-15 05:30:00+00:00,96037.5,96117.8,95934.4,96117.7,506.0434
2025-11-15 05:45:00+00:00,96117.8,96377.7,96084.0,96298.4,554.3762
2025-11-15 06:00:00+00:00,96298.4,96423.5,96200.0,96363.2,398.61289999999997
2025-11-15 06:15:00+00:00,96363.2,96473.3,96311.3,96355.4,289.3648
2025-11-15 06:30:00+00:00,96355.5,96546.2,96028.8,96052.8,514.8011
2025-11-15 06:45:00+00:00,96052.7,96287.8,95912.4,96084.3,894.9558
2025-11-15 07:00:00+00:00,96084.2,96152.7,95910.1,96110.3,549.5028
2025-11-15 07:15:00+00:00,96110.4,96319.4,95928.1,96280.0,601.0474
2025-11-15 07:30:00+00:00,96280.0,96280.0,96055.4,96117.4,452.7862
2025-11-15 07:45:00+00:00,96117.3,96333.3,96070.9,96291.0,522.7021
2025-11-15 08:00:00+00:00,96290.9,96333.3,95950.0,96114.6,1182.8027
2025-11-15 08:15:00+00:00,96114.6,96114.6,95774.0,95940.5,658.1853
2025-11-15 08:30:00+00:00,95940.6,96250.0,95830.3,95872.0,630.4397
2025-11-15 08:45:00+00:00,95873.8,95930.0,95597.6,95874.5,904.0081
2025-11-15 09:00:00+00:00,95873.7,96057.0,95625.5,96030.8,536.6206999999999
2025-11-15 09:15:00+00:00,96030.8,96123.9,95883.6,95914.9,309.4866
2025-11-15 09:30:00+00:00,95914.9,96046.4,95832.4,96000.0,191.8735
2025-11-15 09:45:00+00:00,96000.1,96000.1,95673.0,95784.7,353.1631
2025-11-15 10:00:00+00:00,95784.7,95832.9,95655.0,95817.7,360.44759999999997
2025-11-15 10:15:00+00:00,95817.6,95898.0,95670.1,95841.5,239.6155
2025-11-15 10:30:00+00:00,95841.4,96025.2,95771.6,96009.9,273.5666
2025-11-15 10:45:00+00:00,96009.8,96011.8,95900.4,95913.9,228.8626
2025-11-15 11:00:00+00:00,95913.9,95940.0,95734.3,95803.2,302.7381
2025-11-15 11:15:00+00:00,95803.3,95822.2,95689.2,95796.9,201.138
2025-11-15 11:30:00+00:00,95796.9,95857.1,95700.0,95766.7,326.1694
2025-11-15 11:45:00+00:00,95766.7,95766.7,95585.0,95648.6,442.3889
2025-11-15 12:00:00+00:00,95648.6,95737.8,95521.0,95728.4,659.4653
2025-11-15 12:15:00+00:00,95728.4,95837.5,95604.4,95812.1,250.0969
2025-11-15 12:30:00+00:00,95812.2,95837.0,95614.7,95655.5,209.7122
2025-11-15 12:45:00+00:00,95655.6,95811.5,95614.4,95765.1,197.8637
2025-11-15 13:00:00+00:00,95765.1,95906.0,95680.1,95835.2,286.5717
2025-11-15 13:15:00+00:00,95835.3,96120.4,95791.9,96004.2,594.7051
2025-11-15 13:30:00+00:00,96004.3,96174.6,95920.0,96034.1,520.8365
2025-11-15 13:45:00+00:00,96034.1,96332.0,95935.3,96320.9,775.778
2025-11-15 14:00:00+00:00,96320.8,96430.0,96250.0,96388.0,626.0498
2025-11-15 14:15:00+00:00,96388.0,96415.0,96031.1,96093.2,686.0653
2025-11-15 14:30:00+00:00,96093.1,96288.3,95936.5,96135.4,672.6352
2025-11-15 14:45:00+00:00,96135.5,96294.0,96042.8,96200.0,244.6904
2025-11-15 15:00:00+00:00,96200.0,96344.0,96052.0,96264.0,262.5058
2025-11-15 15:15:00+00:00,96264.0,96384.2,96111.8,96321.5,331.1372
2025-11-15 15:30:00+00:00,96321.5,96321.6,96056.2,96134.5,232.8894
2025-11-15 15:45:00+00:00,96134.5,96319.7,96125.1,96212.4,230.4355
2025-11-15 16:00:00+00:00,96212.5,96297.7,95678.0,95832.6,1282.1651
2025-11-15 16:15:00+00:00,95832.5,96000.4,95700.0,95765.6,651.5914
2025-11-15 16:30:00+00:00,95765.6,96055.0,95683.0,96000.0,397.8943
2025-11-15 16:45:00+00:00,96000.1,96171.1,95921.2,96119.9,286.345
2025-11-15 17:00:00+00:00,96119.9,96198.3,95850.1,95859.3,385.73580000000004
2025-11-15 17:15:00+00:00,95859.3,96363.6,95814.1,95990.9,720.0045
2025-11-15 17:30:00+00:00,95990.9,96061.5,95850.0,96039.9,356.4653
2025-11-15 17:45:00+00:00,96040.0,96250.0,96015.7,96188.7,302.5496
2025-11-15 18:00:00+00:00,96188.7,96300.0,96111.1,96251.2,380.18240000000003
2025-11-15 18:15:00+00:00,96251.1,96251.1,95922.7,96024.0,324.0596
2025-11-15 18:30:00+00:00,96023.9,96150.0,95960.0,96072.1,212.4082
2025-11-15 18:45:00+00:00,96072.1,96089.7,95930.9,96000.1,147.30349999999999
2025-11-15 19:00:00+00:00,96000.2,96107.5,95985.5,96100.0,95.60390000000001
2025-11-15 19:15:00+00:00,96099.9,96100.0,95913.1,96014.7,128.0438
2025-11-15 19:30:00+00:00,96014.7,96018.9,95875.5,95945.3,128.1998
2025-11-15 19:45:00+00:00,95945.4,96025.7,95883.2,95961.5,163.46
2025-11-15 20:00:00+00:00,95961.5,95979.8,95822.2,95840.9,187.1308
2025-11-15 20:15:00+00:00,95840.9,95840.9,95602.9,95673.2,421.9407
2025-11-15 20:30:00+00:00,95673.2,95673.2,95367.3,95411.0,720.2239000000001
2025-11-15 20:45:00+00:00,95410.9,95522.9,95079.1,95242.6,1142.678
2025-11-15 21:00:00+00:00,95242.6,95597.9,95182.4,95520.0,734.9158
2025-11-15 21:15:00+00:00,95520.1,95630.0,95370.0,95370.0,386.3796
2025-11-15 21:30:00+00:00,95370.1,95460.8,95111.1,95184.8,336.5459
2025-11-15 21:45:00+00:00,95184.8,95266.5,95065.6,95237.3,337.1734
2025-11-15 22:00:00+00:00,95237.3,95500.5,95177.5,95500.5,283.5938
2025-11-15 22:15:00+00:00,95500.5,95611.3,95366.4,95561.2,241.5396
2025-11-15 22:30:00+00:00,95561.1,95601.4,95337.1,95441.0,181.1131
2025-11-15 22:45:00+00:00,95440.9,95610.3,95350.1,95569.8,229.7187
2025-11-15 23:00:00+00:00,95569.9,95590.0,95441.5,95498.7,180.3118
2025-11-15 23:15:00+00:00,95498.7,95643.7,95485.3,95593.7,264.5122
2025-11-15 23:30:00+00:00,95593.6,95645.1,95483.2,95526.8,197.217
2025-11-15 23:45:00+00:00,95526.9,95595.0,95511.9,95557.1,102.725
2025-11-16 00:00:00+00:00,95557.1,95666.1,95313.0,95337.5,464.5386
2025-11-16 00:15:00+00:00,95337.5,95350.3,95200.0,95224.6,249.0377
2025-11-16 00:30:00+00:00,95224.6,95414.5,95144.7,95414.4,299.9812
2025-11-16 00:45:00+00:00,95414.4,95534.6,95319.0,95319.0,299.2905
2025-11-16 01:00:00+00:00,95319.0,95451.0,95000.8,95449.3,761.5404
2025-11-16 01:15:00+00:00,95449.4,95459.0,95186.6,95400.6,347.6347
2025-11-16 01:30:00+00:00,95400.0,95419.7,94812.0,94972.9,968.1096
2025-11-16 01:45:00+00:00,94972.8,95344.2,94803.2,95231.6,722.1111999999999
2025-11-16 02:00:00+00:00,95231.6,95418.2,95050.0,95245.5,412.8614
2025-11-16 02:15:00+00:00,95245.5,95773.3,95245.5,95614.8,717.5504
2025-11-16 02:30:00+00:00,95614.7,95694.5,95547.5,95682.0,554.1031
2025-11-16 02:45:00+00:00,95682.0,95922.5,95613.2,95918.0,524.126
2025-11-16 03:00:00+00:00,95917.9,95938.6,95711.2,95723.3,402.287
2025-11-16 03:15:00+00:00,95723.3,95900.8,95712.7,95759.3,262.0802
2025-11-16 03:30:00+00:00,95759.4,95788.1,95606.1,95751.9,179.0007
2025-11-16 03:45:00+00:00,95751.9,95787.0,95562.0,95769.9,268.7985
2025-11-16 04:00:00+00:00,95769.9,95885.4,95671.1,95828.3,336.0308
2025-11-16 04:15:00+00:00,95828.2,95859.8,95650.0,95778.7,204.4001
2025-11-16 04:30:00+00:00,95778.6,95778.7,95600.0,95640.9,314.3849
2025-11-16 04:45:00+00:00,95640.9,95784.3,95620.0,95774.1,181.92450000000002
2025-11-16 05:00:00+00:00,95774.0,95987.8,95759.1,95980.5,324.9109
2025-11-16 05:15:00+00:00,95980.5,96144.0,95845.7,95918.7,785.0069
2025-11-16 05:30:00+00:00,95918.8,95942.4,95809.2,95900.0,187.5502
2025-11-16 05:45:00+00:00,95900.0,95946.3,95820.2,95841.7,156.7126
2025-11-16 06:00:00+00:00,95841.7,95995.1,95727.7,95901.1,269.6899
2025-11-16 06:15:00+00:00,95901.1,95946.0,95846.8,95919.6,146.2983
2025-11-16 06:30:00+00:00,95919.6,95975.1,95877.0,95877.4,201.8417
2025-11-16 06:45:00+00:00,95877.4,95928.1,95694.0,95746.9,254.8827
2025-11-16 07:00:00+00:00,95747.0,95881.1,95711.8,95804.3,299.4599
2025-11-16 07:15:00+00:00,95804.2,95927.7,95671.1,95771.8,358.9954
2025-11-16 07:30:00+00:00,95771.8,95894.2,95771.7,95874.0,260.4453
2025-11-16 07:45:00+00:00,95874.0,96070.5,95874.0,96051.8,402.5397
2025-11-16 08:00:00+00:00,96051.9,96192.3,96051.8,96074.9,148.82920000000001
